"ds_owner","hemisphere","id","gender","age_group","handedness","education","color_blindness","hours_sleep","art_light_r_w","light_dir_r_s","photo_training","carto_gis_training","geovis_3d_training","satellite_training","photo_exposure","carto_gis_exposure","geovis_3d_exposure","satellite_exposure","mask","circle_below","circle_above","shapes_01","shapes_02","shapes_03","shapes_04","shapes_05","shapes_06","shapes_07","shapes_08","shapes_09","shapes_10","q10_r000_0","q10_r000_270","q10_r000_292_5","q10_r000_315","q10_r000_337_5","q20_r045_0","q20_r045_270","q20_r045_292_5","q20_r045_315","q20_r045_337_5","q30_r090_0","q30_r090_270","q30_r090_292_5","q30_r090_315","q30_r090_337_5","q40_r135_0","q40_r135_270","q40_r135_292_5","q40_r135_315","q40_r135_337_5","q50_v000_0","q50_v000_270","q50_v000_292_5","q50_v000_315","q50_v000_337_5","q60_v045_0","q60_v045_270","q60_v045_292_5","q60_v045_315","q60_v045_337_5","q70_v090_0","q70_v090_270","q70_v090_292_5","q70_v090_315","q70_v090_337_5","q80_v135_0","q80_v135_270","q80_v135_292_5","q80_v135_315","q80_v135_337_5"
"j","northern",1,"f","30-39","r","master","no","6-7",NA,NA,2,5,NA,NA,NA,NA,"occassionally","occassionally",NA,NA,NA,NA,NA,NA,NA,NA,NA,NA,NA,NA,NA,4,1,2,4,4,4,5,5,5,5,4,3,4,4,5,4,4,4,3,3,2,4,1,2,1,1,2,1,1,1,2,2,2,1,1,2,4,4,3,2
"j","northern",2,"m","20-29","r","bachelor","no","7-8",NA,NA,4,5,NA,NA,NA,NA,"often","occassionally",NA,NA,NA,NA,NA,NA,NA,NA,NA,NA,NA,NA,NA,4,2,3,4,4,5,2,5,5,4,5,4,5,4,5,1,4,4,5,4,2,2,2,2,1,2,2,1,2,2,1,3,1,2,1,2,4,4,1,2
"j","northern",3,"m","60-69","r","doctoral","no","7-8",NA,NA,3,3,NA,NA,NA,NA,"daily","often",NA,NA,NA,NA,NA,NA,NA,NA,NA,NA,NA,NA,NA,5,1,1,1,5,5,1,1,5,5,4,1,4,4,5,5,1,1,5,5,1,5,1,1,1,1,5,1,1,1,4,5,1,5,4,2,5,5,1,1
"j","northern",4,"f","30-39","r","master","no","6-7",NA,NA,3,3,NA,NA,NA,NA,"often","rarely",NA,NA,NA,NA,NA,NA,NA,NA,NA,NA,NA,NA,NA,5,5,5,5,5,5,5,5,5,5,5,3,5,5,5,5,1,5,5,5,1,5,1,1,1,1,1,1,1,1,1,3,1,1,1,1,5,5,3,1
"j","northern",5,"f","20-29","r","bachelor","no","7-8",NA,NA,2,1,NA,NA,NA,NA,"rarely","never",NA,NA,NA,NA,NA,NA,NA,NA,NA,NA,NA,NA,NA,5,4,5,5,5,5,3,5,5,5,5,1,5,5,5,5,1,5,5,5,2,5,1,1,1,1,1,1,1,1,1,5,3,1,1,4,5,5,1,2
"j","northern",6,"m","30-39","r","master","no","7-8",NA,NA,4,4,NA,NA,NA,NA,"daily","often",NA,NA,NA,NA,NA,NA,NA,NA,NA,NA,NA,NA,NA,4,1,5,5,4,5,4,4,4,5,4,4,4,4,4,4,1,4,4,5,1,4,1,2,1,1,1,1,2,2,1,2,1,1,1,1,5,4,1,1
"j","northern",7,"f","30-39","r","bachelor","no","more_than_8",NA,NA,4,1,NA,NA,NA,NA,"rarely","never",NA,NA,"ambiguous",NA,NA,NA,NA,NA,NA,NA,NA,NA,NA,5,1,3,5,5,5,1,1,5,5,5,1,5,5,5,5,1,1,5,5,1,5,1,1,1,1,4,1,1,1,1,3,1,1,1,1,5,5,1,1
"j","northern",8,"f","20-29","r","bachelor","no","7-8",NA,NA,3,1,NA,NA,NA,NA,"rarely","occassionally",NA,NA,"ambiguous",NA,NA,NA,NA,NA,NA,NA,NA,NA,NA,4,1,2,4,5,5,2,4,4,4,3,3,4,4,3,4,1,5,4,4,2,2,1,1,1,2,2,1,2,2,2,3,2,2,3,5,5,4,3,2
"j","northern",9,"m","20-29","r","bachelor","no","7-8",NA,NA,3,4,NA,NA,NA,NA,"occassionally","rarely",NA,"hills","pits",NA,NA,NA,NA,NA,NA,NA,NA,NA,NA,4,3,4,5,5,5,1,4,5,4,4,2,4,5,5,4,1,5,4,4,2,1,1,1,1,2,1,1,2,2,1,2,2,1,1,2,4,2,2,2
"j","northern",10,"m","60-69","r","bachelor","no","7-8",NA,NA,2,2,NA,NA,NA,NA,"often","rarely",NA,"hills","pits",NA,NA,NA,NA,NA,NA,NA,NA,NA,NA,5,1,5,5,5,5,1,5,5,5,5,1,5,5,5,5,1,5,5,5,1,1,1,1,1,1,1,1,1,1,1,5,1,1,1,1,5,1,1,1
"j","northern",11,"f","60-69","r","bachelor","no","4-5",NA,NA,1,1,NA,NA,NA,NA,"rarely","never",NA,"hills","pits",NA,NA,NA,NA,NA,NA,NA,NA,NA,NA,4,1,3,4,4,5,3,5,4,4,5,1,5,5,4,5,2,4,3,4,3,4,1,1,1,2,1,1,1,1,1,5,3,1,2,2,2,2,3,1
"j","northern",12,"m","60-69","r","doctoral","yes","6-7",NA,NA,2,1,NA,NA,NA,NA,"occassionally","rarely",NA,"hills","pits",NA,NA,NA,NA,NA,NA,NA,NA,NA,NA,5,1,5,5,5,5,1,5,5,5,4,5,5,5,5,5,5,5,5,5,1,2,1,2,1,1,5,1,1,1,1,5,1,1,1,1,5,4,5,1
"j","northern",13,"m","30-39","r","bachelor","no","7-8",NA,NA,4,4,NA,NA,NA,NA,"often","occassionally",NA,NA,NA,NA,NA,NA,NA,NA,NA,NA,NA,NA,NA,5,1,2,5,5,5,5,5,5,5,5,5,5,5,5,5,5,5,5,5,1,1,1,1,1,1,1,1,1,1,3,3,1,1,1,1,1,1,5,1
"j","northern",14,"f","20-29","r","bachelor","no","more_than_8",NA,NA,1,4,NA,NA,NA,NA,"daily","occassionally",NA,"pits","pits",NA,NA,NA,NA,NA,NA,NA,NA,NA,NA,4,2,2,2,4,4,2,4,2,4,4,2,4,5,4,3,2,2,2,4,1,4,2,2,2,2,1,2,2,2,1,4,4,2,2,2,2,4,2,2
"j","northern",15,"m","30-39","r","bachelor","no","4-5",NA,NA,2,1,NA,NA,NA,NA,"occassionally","occassionally",NA,"hills","pits",NA,NA,NA,NA,NA,NA,NA,NA,NA,NA,5,4,2,3,5,5,5,5,5,5,5,1,5,5,5,5,1,1,1,5,1,1,5,1,1,1,5,3,1,1,1,4,1,1,1,1,5,1,1,1
"j","northern",17,"f","20-29","r","bachelor","no","less_than_3",NA,NA,1,4,NA,NA,NA,NA,"occassionally","occassionally",NA,"pits","pits",NA,NA,NA,NA,NA,NA,NA,NA,NA,NA,4,1,2,2,4,4,4,4,4,5,4,2,4,4,4,4,2,3,2,4,2,4,2,2,2,1,1,2,2,2,2,4,2,2,2,2,4,4,2,2
"j","northern",19,"m","20-29","r","master","no","7-8",NA,NA,2,5,NA,NA,NA,NA,"daily","daily",NA,"hills","pits",NA,NA,NA,NA,NA,NA,NA,NA,NA,NA,3,1,1,5,3,5,2,5,5,5,5,3,5,4,5,3,2,2,1,5,2,1,1,1,1,2,1,2,1,1,1,3,3,1,1,3,5,2,3,2
"j","northern",20,"f","20-29","r","high_school","no","more_than_8",NA,NA,2,1,NA,NA,NA,NA,"rarely","never",NA,"hills","pits",NA,NA,NA,NA,NA,NA,NA,NA,NA,NA,5,2,3,5,4,5,3,5,4,5,3,2,4,4,4,4,1,5,4,4,2,4,1,1,2,2,2,2,1,1,1,5,2,2,1,2,5,4,1,1
"j","northern",21,"m","30-39","r","bachelor","no","7-8",NA,NA,3,1,NA,NA,NA,NA,"often","never",NA,"hills","pits",NA,NA,NA,NA,NA,NA,NA,NA,NA,NA,4,2,4,4,4,4,2,3,4,4,4,3,4,4,4,4,2,2,4,4,2,2,2,2,1,2,4,2,2,2,2,4,2,2,2,4,4,4,3,2
"j","northern",22,"m","20-29","r","bachelor","no","7-8",NA,NA,4,4,NA,NA,NA,NA,"often","often",NA,"hills","pits",NA,NA,NA,NA,NA,NA,NA,NA,NA,NA,4,1,5,5,5,5,1,5,5,5,1,2,1,5,5,5,1,5,4,5,1,1,1,1,1,1,1,1,1,1,1,1,1,1,1,1,5,1,2,1
"j","northern",23,"m","20-29","r","bachelor","no","7-8",NA,NA,1,4,NA,NA,NA,NA,"occassionally","rarely",NA,"hills","pits",NA,NA,NA,NA,NA,NA,NA,NA,NA,NA,4,4,4,4,5,4,5,4,4,4,4,4,4,3,4,4,2,4,4,3,2,4,4,2,1,1,2,1,1,1,2,3,4,2,2,4,4,4,2,2
"j","northern",24,"f","Oct-19","r","high_school","no","7-8",NA,NA,4,2,NA,NA,NA,NA,"often","occassionally",NA,"hills","pits",NA,NA,NA,NA,NA,NA,NA,NA,NA,NA,4,4,4,4,4,5,1,5,5,5,4,2,4,4,4,4,1,5,4,3,1,4,1,1,2,1,1,2,2,2,2,3,2,1,1,1,4,1,4,1
"j","northern",25,"f","Oct-19","l","high_school","no","5-6",NA,NA,2,1,NA,NA,NA,NA,"rarely","never",NA,"hills","pits",NA,NA,NA,NA,NA,NA,NA,NA,NA,NA,5,1,5,5,5,5,1,5,5,5,5,1,5,5,5,5,1,5,5,5,1,5,1,1,1,1,1,1,1,1,1,1,1,1,1,1,5,5,1,1
"j","northern",26,"f","20-29","r","high_school","no","5-6",NA,NA,2,1,NA,NA,NA,NA,"rarely","never",NA,"hills","pits",NA,NA,NA,NA,NA,NA,NA,NA,NA,NA,4,4,4,4,4,4,2,3,4,5,3,3,4,4,4,4,2,5,4,4,1,1,3,1,1,1,2,1,1,1,2,4,2,2,2,2,3,3,4,2
"j","northern",27,"m","70-79","r","high_school","no","6-7",NA,NA,4,1,NA,NA,NA,NA,"occassionally","occassionally",NA,"hills","ambiguous",NA,NA,NA,NA,NA,NA,NA,NA,NA,NA,4,2,5,5,4,5,5,5,5,5,5,4,5,5,5,5,5,5,5,5,3,1,1,1,1,1,1,1,1,1,2,5,1,2,1,1,5,5,5,1
"j","northern",28,"f","60-69","r","high_school","no","7-8",NA,NA,2,1,NA,NA,NA,NA,"occassionally","rarely",NA,"hills","pits",NA,NA,NA,NA,NA,NA,NA,NA,NA,NA,5,5,5,5,5,5,1,5,5,5,5,3,5,5,5,5,1,1,5,5,1,5,5,1,1,1,5,1,1,1,5,5,1,5,1,1,5,5,1,1
"j","northern",29,"f","20-29","r","high_school","no","7-8",NA,NA,2,2,NA,NA,NA,NA,"rarely","rarely",NA,"pits","pits",NA,NA,NA,NA,NA,NA,NA,NA,NA,NA,5,1,1,1,5,5,1,1,5,5,5,1,5,5,5,5,1,2,5,5,1,5,1,1,1,1,5,5,1,1,1,4,5,1,1,1,5,5,5,1
"g","northern",1,"m","20-29","r","bachelor","no","6-7",NA,NA,NA,NA,NA,NA,"occasionally","occasionally","occasionally","occasionally","occasionally",NA,NA,NA,NA,NA,NA,NA,NA,NA,NA,NA,NA,5,5,5,5,5,5,5,5,5,5,5,5,5,5,5,5,5,5,5,5,1,1,1,1,1,1,1,1,1,1,1,1,1,1,1,1,1,1,1,1
"g","northern",2,"f","20-29","r","bachelor","no","5-6",NA,NA,NA,NA,NA,NA,"occasionally","occasionally","occasionally","often","occasionally",NA,NA,NA,NA,NA,NA,NA,NA,NA,NA,NA,NA,5,5,5,5,5,5,5,5,5,5,5,5,4,5,5,5,5,5,5,5,1,1,1,1,1,1,1,1,1,1,1,1,1,1,1,1,1,1,1,1
"g","northern",3,"f","40-49","r","high_school","yes","6-7",NA,NA,NA,NA,NA,NA,"never","occasionally","occasionally","occasionally","occasionally",NA,NA,NA,NA,NA,NA,NA,NA,NA,NA,NA,NA,5,1,5,5,5,5,5,5,5,5,5,5,5,5,5,5,5,5,5,5,1,1,1,1,1,1,1,1,1,1,1,1,1,1,1,1,1,1,1,5
"g","northern",4,"f","30-39","r","doctoral","no","4-5",NA,NA,NA,NA,NA,NA,"occasionally","occasionally","occasionally","occasionally","always",NA,NA,NA,NA,NA,NA,NA,NA,NA,NA,NA,NA,5,5,5,5,5,5,5,5,5,5,3,3,5,4,4,5,5,5,5,5,1,1,1,2,1,1,1,3,2,1,3,2,3,3,2,2,5,5,3,2
"g","northern",5,"m","30-39","r","high_school","no","5-6",NA,NA,NA,NA,NA,NA,"occasionally","occasionally","occasionally","occasionally","occasionally",NA,NA,NA,NA,NA,NA,NA,NA,NA,NA,NA,NA,5,5,5,5,5,5,5,5,5,5,5,2,5,5,5,5,5,5,5,5,1,1,1,1,1,1,1,1,1,1,1,1,1,1,1,5,1,1,1,1
"g","northern",6,"f","40-49","l","bachelor","no","7-8",NA,NA,NA,NA,NA,NA,"occasionally","occasionally","occasionally","never","always",NA,NA,NA,NA,NA,NA,NA,NA,NA,NA,NA,NA,5,1,3,5,5,5,4,5,5,5,5,1,5,5,5,5,5,5,5,5,1,2,1,1,1,1,1,1,1,1,1,5,1,1,1,1,5,5,1,1
"g","northern",7,"m","20-29","r","bachelor","no","6-7",NA,NA,NA,NA,NA,NA,"occasionally","often","occasionally","occasionally","always",NA,NA,NA,NA,NA,NA,NA,NA,NA,NA,NA,NA,5,4,5,5,5,5,2,3,5,5,5,1,5,5,5,5,2,4,1,3,1,1,1,1,1,1,1,1,1,1,1,2,1,1,1,2,5,5,4,1
"g","northern",8,"m","20-29","r","master","no","6-7",NA,NA,NA,NA,NA,NA,"often","occasionally","occasionally","occasionally","always",NA,NA,NA,NA,NA,NA,NA,NA,NA,NA,NA,NA,5,5,4,5,5,5,5,5,5,5,5,5,5,5,5,5,5,5,1,5,1,1,1,1,1,1,1,1,1,1,1,1,1,1,1,1,1,1,1,5
"g","northern",9,"f","20-29","r","master","no","7-8",NA,NA,NA,NA,NA,NA,"occasionally","occasionally","occasionally","occasionally","occasionally",NA,NA,NA,NA,NA,NA,NA,NA,NA,NA,NA,NA,5,1,1,1,5,5,1,1,5,5,5,1,5,5,5,5,1,5,5,5,1,1,1,1,1,1,5,5,1,1,1,5,1,1,1,1,5,5,1,1
"g","northern",10,"f","20-29","r","bachelor","no","5-6",NA,NA,NA,NA,NA,NA,"occasionally","occasionally","occasionally","occasionally","occasionally",NA,NA,NA,NA,NA,NA,NA,NA,NA,NA,NA,NA,3,5,5,5,5,5,5,4,5,5,5,1,5,5,5,5,4,5,3,5,1,1,1,1,1,1,1,1,1,1,1,1,1,1,1,2,5,3,3,1
"g","northern",11,"f","50-59","l","high_school","no","7-8",NA,NA,NA,NA,NA,NA,"occasionally","occasionally","never","occasionally","always",NA,NA,NA,NA,NA,NA,NA,NA,NA,NA,NA,NA,1,1,1,5,1,5,1,5,1,1,5,1,5,1,5,5,1,5,5,5,5,5,5,5,5,1,1,1,1,5,1,1,5,5,5,1,5,1,5,1
"g","northern",12,"f","50-59","l","high_school","no","4-5",NA,NA,NA,NA,NA,NA,"occasionally","occasionally","occasionally","occasionally","always",NA,NA,NA,NA,NA,NA,NA,NA,NA,NA,NA,NA,4,3,2,1,4,4,1,4,2,5,1,1,4,5,5,4,4,3,3,4,3,1,1,2,1,4,5,3,1,3,3,3,3,3,3,5,5,3,4,5
"g","northern",13,"m","20-29","l","bachelor","no","4-5",NA,NA,NA,NA,NA,NA,"occasionally","often","occasionally","occasionally","always",NA,NA,NA,NA,NA,NA,NA,NA,NA,NA,NA,NA,4,3,5,5,5,4,2,5,5,5,5,1,4,5,5,5,5,1,4,5,1,1,1,1,1,1,1,1,1,1,1,3,4,1,1,1,4,1,2,1
"g","northern",14,"f","20-29","r","master","no","6-7",NA,NA,NA,NA,NA,NA,"occasionally","occasionally","occasionally","occasionally","always",NA,NA,NA,NA,NA,NA,NA,NA,NA,NA,NA,NA,5,5,5,5,5,5,5,5,5,5,5,3,5,5,5,5,5,5,5,5,1,1,1,1,1,1,1,1,1,1,1,1,1,1,1,1,1,1,1,1
"g","northern",15,"m","10-19","r","high_school","no","6-7",NA,NA,NA,NA,NA,NA,"occasionally","occasionally","occasionally","occasionally","occasionally",NA,NA,NA,NA,NA,NA,NA,NA,NA,NA,NA,NA,5,5,5,5,5,5,1,5,5,5,5,1,5,5,5,5,1,5,5,5,1,1,1,1,1,1,1,1,1,1,1,5,1,1,1,1,5,5,1,1
"g","northern",16,"m","20-29","r","master","no","5-6",NA,NA,NA,NA,NA,NA,"never","often","occasionally","occasionally","always",NA,NA,NA,NA,NA,NA,NA,NA,NA,NA,NA,NA,5,1,5,5,4,4,5,5,5,1,5,2,4,5,5,5,5,4,4,5,1,2,1,1,1,1,5,1,1,1,2,1,1,1,1,1,3,3,1,1
"g","northern",17,"f","20-29","r","master","no","4-5",NA,NA,NA,NA,NA,NA,"occasionally","never","occasionally","occasionally","always",NA,NA,NA,NA,NA,NA,NA,NA,NA,NA,NA,NA,5,1,1,5,5,5,1,1,5,5,5,1,5,5,5,5,1,1,1,5,1,5,1,1,5,1,1,1,5,1,1,1,1,1,1,1,5,5,5,1
"g","northern",18,"f","10-19","l","high_school","no","5-6",NA,NA,NA,NA,NA,NA,"occasionally","occasionally","often","occasionally","always",NA,NA,NA,NA,NA,NA,NA,NA,NA,NA,NA,NA,5,1,5,5,5,5,1,5,5,5,5,5,5,5,5,5,5,5,5,5,1,1,1,1,1,1,1,1,1,1,1,5,1,1,1,1,5,1,1,1
"g","northern",19,"f","40-49","l","bachelor","no","6-7",NA,NA,NA,NA,NA,NA,"never","occasionally","occasionally","never","always",NA,NA,NA,NA,NA,NA,NA,NA,NA,NA,NA,NA,5,1,1,4,5,5,5,5,5,5,5,1,5,5,5,5,1,5,4,5,1,1,1,1,1,1,5,1,1,1,1,1,1,1,1,1,5,1,1,1
"g","northern",20,"f","20-29","r","master","no","3-4",NA,NA,NA,NA,NA,NA,"occasionally","occasionally","occasionally","occasionally","always",NA,NA,NA,NA,NA,NA,NA,NA,NA,NA,NA,NA,5,1,5,5,5,5,5,5,5,5,5,5,5,5,5,5,5,5,5,5,1,1,1,1,1,1,1,1,1,1,1,1,1,1,1,1,1,1,1,1
"g","northern",21,"m","20-29","r","bachelor","no","5-6",NA,NA,NA,NA,NA,NA,"occasionally","occasionally","occasionally","occasionally","occasionally",NA,NA,NA,NA,NA,NA,NA,NA,NA,NA,NA,NA,5,5,5,5,5,5,5,5,5,5,5,4,5,5,5,5,5,5,5,5,1,1,1,1,1,1,1,1,1,1,1,1,1,1,1,2,1,1,1,2
"g","northern",22,"f","10-19","l","high_school","no","5-6",NA,NA,NA,NA,NA,NA,"daily","never","occasionally","occasionally","occasionally",NA,NA,NA,NA,NA,NA,NA,NA,NA,NA,NA,NA,5,5,5,5,5,5,5,5,5,5,5,5,5,5,5,4,5,5,5,5,1,1,1,1,1,1,1,1,1,1,1,1,1,1,1,1,5,5,2,1
"g","northern",23,"m","70-79","l","bachelor","no","5-6",NA,NA,NA,NA,NA,NA,"occasionally","often","occasionally","occasionally","always",NA,NA,NA,NA,NA,NA,NA,NA,NA,NA,NA,NA,5,5,5,5,5,5,5,5,5,5,5,4,5,5,5,5,5,5,5,5,2,1,1,1,1,1,1,1,1,1,1,1,1,1,1,5,1,1,1,5
"g","northern",24,"m","20-29","r","master","no","6-7",NA,NA,NA,NA,NA,NA,"occasionally","often","often","occasionally","occasionally",NA,NA,NA,NA,NA,NA,NA,NA,NA,NA,NA,NA,4,1,5,1,4,5,3,5,5,5,5,4,5,5,5,5,5,5,5,5,1,1,1,1,1,1,1,1,1,1,1,1,1,1,1,1,1,5,1,1
"g","northern",25,"m","20-29","l","master","no","6-7",NA,NA,NA,NA,NA,NA,"often","often","occasionally","occasionally","always",NA,NA,NA,NA,NA,NA,NA,NA,NA,NA,NA,NA,5,5,5,5,4,5,5,5,5,5,5,2,5,5,5,5,5,5,3,4,2,1,1,1,1,1,1,1,1,1,1,1,1,1,1,5,5,1,4,4
"g","northern",26,"f","40-49","l","bachelor","no","6-7",NA,NA,NA,NA,NA,NA,"occasionally","occasionally","occasionally","occasionally","always",NA,NA,NA,NA,NA,NA,NA,NA,NA,NA,NA,NA,5,5,5,5,5,5,5,5,5,5,5,5,5,5,5,5,5,5,5,5,1,1,1,1,1,1,1,1,1,1,1,5,1,1,1,1,5,1,1,5
"g","northern",27,"m","20-29","r","master","no","6-7",NA,NA,NA,NA,NA,NA,"occasionally","occasionally","occasionally","occasionally","always",NA,NA,NA,NA,NA,NA,NA,NA,NA,NA,NA,NA,5,5,5,5,5,5,5,5,5,5,5,4,4,5,5,5,1,5,5,5,1,1,1,2,3,1,1,1,1,1,1,1,1,1,1,1,5,5,1,1
"g","northern",28,"m","10-19","r","high_school","no","7-8",NA,NA,NA,NA,NA,NA,"occasionally","occasionally","occasionally","often","occasionally",NA,NA,NA,NA,NA,NA,NA,NA,NA,NA,NA,NA,5,2,5,5,5,5,1,5,5,5,4,4,5,5,5,5,1,1,3,3,1,1,1,1,1,1,1,1,1,1,1,4,1,1,1,1,5,5,4,1
"g","northern",29,"f","20-29","l","master","no","6-7",NA,NA,NA,NA,NA,NA,"occasionally","often","occasionally","occasionally","always",NA,NA,NA,NA,NA,NA,NA,NA,NA,NA,NA,NA,5,3,3,3,5,5,4,5,5,5,5,1,5,5,5,5,5,5,5,5,2,5,1,1,1,1,1,1,1,1,1,5,1,1,1,1,4,5,2,1
"g","northern",30,"m","20-29","r","master","no","5-6",NA,NA,NA,NA,NA,NA,"occasionally","occasionally","often","never","occasionally",NA,NA,NA,NA,NA,NA,NA,NA,NA,NA,NA,NA,5,5,5,5,5,5,5,5,5,5,5,5,5,4,5,5,5,5,5,5,5,1,1,1,1,1,1,2,1,1,3,1,1,2,3,4,1,1,4,4
"g","northern",31,"m","20-29","l","master","no","6-7",NA,NA,NA,NA,NA,NA,"occasionally","occasionally","occasionally","often","always",NA,NA,NA,NA,NA,NA,NA,NA,NA,NA,NA,NA,5,1,1,1,5,5,5,5,5,5,4,3,5,5,3,5,1,5,5,5,1,1,1,1,1,1,1,1,1,1,1,2,1,1,1,1,3,4,1,1
"g","northern",32,"m","30-39","l","high_school","no","6-7",NA,NA,NA,NA,NA,NA,"never","occasionally","occasionally","occasionally","occasionally",NA,NA,NA,NA,NA,NA,NA,NA,NA,NA,NA,NA,5,1,5,5,5,5,5,5,5,5,5,1,5,5,5,5,5,5,5,5,1,1,1,1,1,1,1,1,1,1,1,5,1,1,1,1,5,1,1,1
"g","northern",33,"m","20-29","r","bachelor","no","7-8",NA,NA,NA,NA,NA,NA,"often","often","occasionally","occasionally","always",NA,NA,NA,NA,NA,NA,NA,NA,NA,NA,NA,NA,5,5,5,5,5,5,5,5,5,5,5,5,5,5,5,5,5,5,5,5,1,1,1,1,1,1,1,1,1,1,1,1,1,1,1,1,1,1,1,5
"g","northern",34,"f","10-19","l","high_school","no","6-7",NA,NA,NA,NA,NA,NA,"occasionally","often","occasionally","daily","always",NA,NA,NA,NA,NA,NA,NA,NA,NA,NA,NA,NA,5,5,5,5,4,5,5,5,4,5,5,4,5,5,5,5,1,5,5,5,1,1,1,1,1,1,5,1,1,1,1,1,1,1,1,5,5,5,5,1
"g","northern",35,"m","10-19","l","high_school","no","5-6",NA,NA,NA,NA,NA,NA,"occasionally","often","occasionally","often","occasionally",NA,NA,NA,NA,NA,NA,NA,NA,NA,NA,NA,NA,5,5,5,5,5,5,5,5,5,5,5,1,5,5,5,5,5,5,5,5,1,1,1,1,1,1,1,1,1,1,1,1,5,1,1,5,5,5,1,5
"v","southern",1,"m","20-29","r","bachelor","no","more_than_8","desktop","a,g",4,4,3,3,NA,NA,NA,NA,NA,NA,NA,NA,NA,NA,NA,NA,NA,NA,NA,NA,NA,5,1,5,5,4,5,5,5,4,4,5,1,5,5,5,5,2,4,5,5,2,5,1,1,1,1,1,1,1,1,1,5,1,1,1,1,5,5,1,1
"v","southern",2,"m","20-29","r","bachelor","no","4-5","overhead","a,b,c,d,e",4,4,4,4,NA,NA,NA,NA,NA,NA,NA,NA,NA,NA,NA,NA,NA,NA,NA,NA,NA,3,5,4,4,1,1,5,1,2,1,2,5,1,1,1,1,5,5,4,1,5,1,1,5,5,3,1,1,5,1,4,1,3,4,5,5,2,1,1,3
"v","southern",3,"f","20-29","r","bachelor","no","6-7","overhead","b",4,4,4,3,NA,NA,NA,NA,NA,NA,NA,NA,NA,NA,NA,NA,NA,NA,NA,NA,NA,5,1,1,5,1,5,5,5,5,5,4,5,5,4,4,5,5,5,5,5,1,1,1,1,1,1,1,1,1,1,2,1,1,1,1,1,1,1,1,1
"v","southern",4,"f","20-29","r","bachelor","no","6-7","desktop","c,d,e,j",4,5,4,4,NA,NA,NA,NA,NA,NA,NA,NA,NA,NA,NA,NA,NA,NA,NA,NA,NA,5,1,1,1,5,5,5,5,5,2,2,4,5,5,5,5,5,5,5,5,1,4,1,1,1,1,1,1,2,1,1,1,1,1,1,1,5,5,1,1
"v","southern",5,"f","20-29","r","bachelor","no","5-6","overhead","a,b,c,d,e,f,g",5,5,5,5,NA,"daily",NA,NA,NA,NA,NA,NA,NA,NA,NA,NA,NA,NA,NA,NA,NA,5,1,5,5,5,5,5,5,5,5,5,5,5,5,5,5,5,5,5,5,1,1,1,1,1,1,1,1,1,1,1,1,1,1,1,1,5,5,1,1
"v","southern",6,"f","20-29","l","bachelor","no","6-7","overhead","b,c,d,h",5,5,5,5,NA,NA,NA,NA,NA,NA,NA,NA,NA,NA,NA,NA,NA,NA,NA,NA,NA,1,1,1,1,1,1,1,1,1,2,2,4,4,2,4,1,1,2,2,1,4,5,5,5,2,5,5,5,4,3,5,4,5,5,5,4,2,1,2,4
"v","southern",7,"f","20-29","r","bachelor","no","4-5","desktop","m",5,5,5,5,NA,NA,NA,NA,NA,NA,NA,NA,NA,NA,NA,NA,NA,NA,NA,NA,NA,5,3,5,5,5,5,1,4,5,5,5,2,1,4,4,5,1,2,4,5,1,5,4,1,1,2,5,4,1,1,1,5,4,2,2,2,5,2,1,1
"v","southern",8,"m","20-29","r","bachelor","yes","4-5","desktop","c,g,h,j",3,4,3,3,"daily",NA,NA,NA,NA,NA,NA,NA,NA,NA,NA,NA,NA,NA,NA,NA,NA,5,1,1,1,5,5,1,1,5,5,5,1,5,5,5,5,1,1,5,5,2,5,1,2,1,1,1,1,1,1,1,5,1,1,1,2,5,4,1,1
"v","southern",9,"m","20-29","r","bachelor","no","more_than_8","overhead","c,f",4,2,4,3,NA,NA,NA,NA,NA,NA,NA,NA,NA,NA,NA,NA,NA,NA,NA,NA,NA,5,1,1,5,5,5,5,5,5,5,5,1,5,5,5,5,1,5,5,5,1,5,1,1,1,1,5,1,1,1,1,4,1,1,1,1,5,5,1,1
"v","southern",10,"m","20-29","r","bachelor","no","5-6","overhead","c,d,f,m",3,5,3,4,NA,NA,"daily","daily",NA,NA,NA,NA,NA,NA,NA,NA,NA,NA,NA,NA,NA,5,5,5,5,5,5,5,5,5,5,5,5,5,5,5,5,5,5,5,5,1,1,1,1,1,1,1,1,1,1,1,1,1,1,1,1,1,1,1,1
"v","southern",11,"f","20-29","r","bachelor","no","5-6","desktop","h",5,5,5,5,NA,"daily",NA,NA,NA,NA,NA,NA,NA,NA,NA,NA,NA,NA,NA,NA,NA,5,1,1,5,5,5,2,5,5,5,5,2,5,5,5,5,1,5,5,5,1,5,5,1,1,1,5,5,1,1,1,4,1,1,1,1,5,5,5,2
"v","southern",12,"m","20-29","r","bachelor","no","5-6","overhead","c",5,2,4,5,NA,NA,NA,NA,NA,NA,NA,NA,NA,NA,NA,NA,NA,NA,NA,NA,NA,5,1,5,5,5,5,5,5,5,5,5,5,5,5,5,5,5,5,5,5,1,1,1,1,1,1,5,1,1,1,1,5,1,1,1,1,1,1,1,1
"v","southern",13,"m","20-29","r","bachelor","no","6-7","desktop","j",5,4,4,3,NA,NA,NA,NA,NA,NA,NA,NA,NA,NA,NA,NA,NA,NA,NA,NA,NA,5,5,5,5,5,5,5,5,5,5,5,5,5,5,5,5,5,5,5,5,1,1,1,1,1,1,5,1,1,1,1,1,1,1,1,1,1,1,1,1
"v","southern",14,"m","20-29","r","bachelor","no","4-5","overhead","b,c,d,f,k,l,m",4,4,4,4,NA,NA,NA,NA,NA,NA,NA,NA,NA,NA,NA,NA,NA,NA,NA,NA,NA,5,5,5,5,5,5,4,5,4,4,5,3,4,4,5,5,5,5,4,5,2,1,2,1,1,1,2,1,1,2,1,2,1,1,1,2,5,1,3,2
"v","southern",15,"f","20-29","r","bachelor","no","5-6","desktop","d",2,2,2,5,NA,NA,NA,NA,NA,NA,NA,NA,NA,NA,NA,NA,NA,NA,NA,NA,NA,3,4,5,4,5,1,1,2,5,2,5,2,5,3,2,5,5,5,2,5,1,1,5,1,1,1,1,1,5,1,2,5,5,1,1,2,5,5,5,5
"v","southern",16,"m","20-29","b","bachelor","no","5-6","overhead","b,c,d,k,l,m",4,4,3,4,NA,NA,NA,NA,NA,NA,NA,NA,NA,NA,NA,NA,NA,NA,NA,NA,NA,5,2,1,3,5,5,1,5,4,5,5,1,5,5,5,5,1,5,5,5,1,5,2,1,1,1,4,2,2,1,2,5,1,3,2,1,5,5,5,1
"v","southern",17,"f","20-29","r","bachelor","no","6-7","overhead","e,l",5,5,3,4,NA,NA,NA,NA,NA,NA,NA,NA,NA,NA,NA,NA,NA,NA,NA,NA,NA,5,5,5,5,5,5,5,5,5,5,5,5,5,5,5,5,5,5,5,5,1,1,1,1,1,1,1,1,1,1,1,1,1,1,1,1,1,1,1,1
"v","southern",18,"f","20-29","b","bachelor","no","7-8","overhead","c,j,m",3,4,4,4,NA,NA,NA,NA,NA,NA,NA,NA,NA,NA,NA,NA,NA,NA,NA,NA,NA,5,5,5,5,5,5,5,5,5,5,5,2,5,5,5,5,5,5,5,5,1,1,1,1,1,1,1,1,1,1,1,1,1,1,1,1,5,5,1,5
"v","southern",19,"f","20-29","r","bachelor","no","5-6","overhead","c,m",5,5,4,5,NA,"daily",NA,NA,NA,NA,NA,NA,NA,NA,NA,NA,NA,NA,NA,NA,NA,5,3,2,3,5,3,5,5,3,5,4,3,5,5,5,5,5,5,4,5,1,1,1,1,1,1,2,1,1,1,1,3,1,1,1,2,3,2,2,2
"v","southern",20,"m","20-29","r","bachelor","no","7-8","overhead","k,l,m",5,5,5,5,NA,NA,NA,NA,NA,NA,NA,NA,NA,NA,NA,NA,NA,NA,NA,NA,NA,5,1,5,5,5,5,1,5,5,5,5,5,5,5,5,5,5,5,4,5,2,1,1,1,1,1,1,1,1,1,1,4,1,1,1,1,2,1,1,1
"v","southern",21,"m","20-29","r","bachelor","no","6-7","desktop","j",1,4,4,4,"never",NA,NA,NA,NA,NA,NA,NA,NA,NA,NA,NA,NA,NA,NA,NA,NA,5,1,1,5,5,5,5,1,5,5,5,1,5,5,5,5,5,5,1,4,1,5,1,5,1,1,5,1,5,1,1,5,5,1,5,1,5,5,5,1
"v","southern",22,"f","20-29","r","bachelor","no","4-5","overhead","c,g",1,3,1,1,NA,NA,NA,NA,NA,NA,NA,NA,NA,NA,NA,NA,NA,NA,NA,NA,NA,5,1,5,5,5,5,5,5,5,5,5,5,5,5,5,5,5,5,5,5,1,1,1,1,1,1,1,1,1,1,1,1,1,2,1,1,1,1,1,1
"v","southern",23,"f","20-29","r","bachelor","no","7-8","overhead","b,c,d,g,l",1,1,1,1,NA,NA,NA,NA,NA,NA,NA,NA,NA,NA,NA,NA,NA,NA,NA,NA,NA,5,1,1,5,5,5,5,5,5,5,5,4,5,5,5,5,1,5,5,5,1,5,1,1,1,1,5,1,1,1,1,5,1,1,1,1,1,1,1,1
"v","southern",24,"m","20-29","r","bachelor","no","5-6","overhead","c",3,4,4,4,NA,NA,NA,NA,NA,NA,NA,NA,NA,NA,NA,NA,NA,NA,NA,NA,NA,5,1,2,2,4,4,1,5,5,5,5,4,5,5,5,5,1,4,5,5,2,1,1,1,1,1,5,5,1,1,1,5,5,1,1,1,5,5,2,2
"v","southern",25,"f","20-29","r","bachelor","no","7-8","overhead","f,m",5,5,4,5,NA,NA,NA,NA,NA,NA,NA,NA,NA,NA,NA,NA,NA,NA,NA,NA,NA,4,2,2,4,4,5,4,5,4,2,4,2,4,4,4,5,1,5,5,3,1,1,1,1,1,4,5,5,2,1,1,3,2,3,2,1,5,5,5,1
"v","southern",26,"m","20-29","l","bachelor","no","4-5","overhead","c,f",4,4,4,4,NA,NA,NA,NA,NA,NA,NA,NA,NA,NA,NA,NA,NA,NA,NA,NA,NA,2,5,5,5,5,5,5,5,5,5,5,1,5,5,5,5,5,4,5,4,1,1,1,1,1,1,1,1,1,1,1,1,1,1,1,1,4,1,2,1
"v","southern",27,"f","20-29","l","bachelor","no","6-7","desktop","c,g,j,m",5,4,5,4,NA,NA,NA,NA,NA,NA,NA,NA,NA,NA,NA,NA,NA,NA,NA,NA,NA,5,1,5,5,4,4,5,5,5,5,5,5,5,5,5,5,5,5,5,4,1,1,1,1,1,1,1,1,1,1,1,1,1,1,1,1,1,1,1,2
"v","southern",28,"m","20-29","b","bachelor","no","5-6","overhead","c,e,h,k,m",4,4,1,4,NA,NA,NA,NA,NA,NA,NA,NA,NA,NA,NA,NA,NA,NA,NA,NA,NA,4,4,4,4,4,4,4,4,4,4,4,3,4,4,4,4,4,4,4,4,2,2,1,2,2,2,1,2,2,2,2,2,2,2,2,2,5,2,2,1
"v","southern",29,"f","20-29","r","bachelor","no","5-6","overhead","a,b,c,d,e,f,g,l,m",5,2,5,5,NA,NA,NA,NA,NA,NA,NA,NA,NA,NA,NA,NA,NA,NA,NA,NA,NA,5,5,5,5,5,5,5,5,5,5,5,4,5,5,5,5,5,5,5,5,1,1,1,1,1,1,1,1,1,1,1,1,1,1,1,1,5,1,1,1
"v","southern",30,"f","20-29","r","bachelor","no","7-8","overhead","c,f,j",2,2,2,2,"daily","daily","daily",NA,NA,NA,NA,NA,NA,NA,NA,NA,NA,NA,NA,NA,NA,4,4,5,5,5,5,5,5,5,5,5,5,5,5,5,5,5,4,5,5,1,1,1,1,1,1,1,1,1,1,1,1,1,1,1,1,5,1,1,1
"v","southern",31,"f","20-29","r","bachelor","no","6-7","overhead","c,f,g,k,l,m",4,3,3,3,NA,NA,NA,NA,NA,NA,NA,NA,NA,NA,NA,NA,NA,NA,NA,NA,NA,5,1,1,5,5,5,5,5,5,5,5,5,5,5,5,5,1,5,5,5,1,5,1,1,1,1,5,1,1,1,1,5,1,1,1,1,5,5,2,1
"v","southern",32,"f","20-29","r","bachelor","no","6-7","overhead","c,h,i",3,4,3,4,"never",NA,NA,NA,NA,NA,NA,NA,NA,NA,NA,NA,NA,NA,NA,NA,NA,1,1,1,2,1,1,1,2,3,1,4,4,2,1,1,2,1,4,2,3,2,1,2,1,5,5,5,4,5,5,1,5,4,4,5,4,4,3,1,5
"v","southern",33,"m","20-29","r","bachelor","no","7-8","overhead","g,k,l,m",1,4,4,4,"never",NA,NA,NA,NA,NA,NA,NA,NA,NA,NA,NA,NA,NA,NA,NA,NA,5,5,5,5,5,5,5,5,5,5,5,5,5,5,5,5,5,5,5,5,1,1,1,1,1,1,1,1,1,1,1,1,1,1,1,1,5,1,1,1
"v","southern",34,"f","20-29","r","bachelor","no","4-5","desktop","c,g,k",1,1,3,5,NA,"daily",NA,"daily",NA,NA,NA,NA,NA,NA,NA,NA,NA,NA,NA,NA,NA,5,1,1,5,5,5,5,5,5,5,5,5,5,5,5,5,5,5,5,5,1,1,1,1,1,1,5,5,5,1,1,1,1,1,1,1,3,1,1,1
"v","southern",35,"f","20-29","r","bachelor","no","5-6","overhead","d,e,f,g",3,4,3,4,NA,NA,NA,NA,NA,NA,NA,NA,NA,NA,NA,NA,NA,NA,NA,NA,NA,5,1,5,5,5,5,5,5,5,5,4,1,5,4,4,5,5,5,5,4,1,1,2,1,1,2,2,2,2,2,2,2,2,2,1,1,2,2,2,1
"v","southern",36,"m","20-29","r","bachelor","no","5-6","overhead","c,l",4,3,3,3,NA,NA,NA,NA,NA,NA,NA,NA,NA,NA,NA,NA,NA,NA,NA,NA,NA,5,4,5,5,5,5,5,5,5,5,5,5,5,5,5,5,5,5,5,4,1,1,1,1,1,1,1,1,1,1,1,5,2,1,1,2,5,1,1,1
"v","southern",37,"m","20-29","r","bachelor","no","6-7","desktop","g",4,4,3,4,NA,NA,NA,NA,NA,NA,NA,NA,NA,NA,NA,NA,NA,NA,NA,NA,NA,4,2,4,4,4,4,3,5,4,5,4,2,4,4,4,4,2,4,2,4,1,5,2,2,1,4,4,5,2,1,2,4,4,2,2,2,2,1,2,2
"v","southern",38,"f","20-29","r","bachelor","no","4-5","desktop","c",5,5,4,4,NA,NA,NA,NA,NA,NA,NA,NA,NA,NA,NA,NA,NA,NA,NA,NA,NA,5,1,5,5,2,5,5,4,5,5,4,2,4,4,4,2,4,2,5,5,2,2,1,1,2,1,1,2,1,1,1,2,2,2,2,4,2,2,2,2
"v","southern",39,"f","20-29","r","bachelor","no","6-7","overhead","a,g,h,i",3,4,3,4,NA,NA,NA,NA,NA,NA,NA,NA,NA,NA,NA,NA,NA,NA,NA,NA,NA,5,5,5,5,5,5,5,5,5,5,5,4,5,5,5,5,5,5,4,4,1,1,1,1,1,1,1,1,1,1,1,1,1,1,1,1,1,1,2,2
"v","southern",40,"m","20-29","r","bachelor","no","4-5","desktop","f",5,5,3,3,NA,NA,NA,NA,NA,NA,NA,NA,NA,NA,NA,NA,NA,NA,NA,NA,NA,4,4,4,5,5,5,5,4,4,4,3,3,3,4,4,5,5,4,5,4,1,1,1,1,1,1,1,3,1,1,3,5,1,1,2,2,1,1,1,1
"v","southern",41,"m","20-29","r","bachelor","no","5-6","overhead","f",4,4,4,4,NA,NA,NA,NA,NA,NA,NA,NA,NA,NA,NA,NA,NA,NA,NA,NA,NA,5,1,1,1,5,5,1,5,5,5,5,5,5,5,5,5,1,1,5,1,1,5,1,1,1,1,5,1,1,1,1,5,1,1,1,1,5,1,1,5
"v","southern",42,"m","20-29","r","bachelor","no","5-6","desktop","f,g,h,m",3,4,4,3,NA,NA,NA,NA,NA,NA,NA,NA,NA,NA,NA,NA,NA,NA,NA,NA,NA,5,1,1,5,5,5,5,5,4,3,5,5,4,4,5,5,1,5,3,5,1,2,1,1,1,1,2,1,1,2,1,4,5,1,1,1,5,5,1,1
"v","southern",43,"f","20-29","r","bachelor","no","6-7","overhead","f,g",4,5,4,4,NA,NA,NA,NA,NA,NA,NA,NA,NA,NA,NA,NA,NA,NA,NA,NA,NA,5,1,1,5,5,5,1,1,5,5,5,1,1,5,5,5,1,1,5,5,1,5,1,1,1,1,5,5,1,1,1,5,1,1,1,1,5,5,1,1
"v","southern",44,"f","20-29","r","bachelor","yes","3-4","overhead","d,g",5,5,5,4,NA,"daily","daily",NA,NA,NA,NA,NA,NA,NA,NA,NA,NA,NA,NA,NA,NA,5,1,5,5,5,1,5,5,5,5,5,5,5,5,1,1,1,5,5,5,1,1,1,1,1,1,1,1,1,1,1,5,1,1,1,1,5,1,1,1
"v","southern",45,"f","20-29","r","bachelor","no","4-5","overhead","b,c,d,i,k,l,m",3,4,4,4,NA,NA,NA,NA,NA,NA,NA,NA,NA,NA,NA,NA,NA,NA,NA,NA,NA,4,1,5,5,5,5,4,5,5,2,4,1,5,5,5,1,2,2,5,5,2,2,2,1,4,1,1,1,2,1,2,4,1,2,1,1,2,2,1,5
"v","southern",46,"f","20-29","r","bachelor","no","less_than_3","overhead","g",4,4,5,4,NA,NA,NA,NA,NA,NA,NA,NA,NA,NA,NA,NA,NA,NA,NA,NA,NA,5,1,2,1,5,5,5,5,5,5,5,4,4,5,5,5,5,5,4,4,2,5,1,2,1,1,5,1,1,1,1,5,1,1,1,1,1,1,2,1
"v","southern",47,"f","20-29","r","bachelor","no","4-5","overhead","e,h",1,3,3,3,"never",NA,"never",NA,NA,NA,NA,NA,NA,NA,NA,NA,NA,NA,NA,NA,NA,5,1,1,1,5,5,1,5,5,5,5,1,4,5,5,5,1,5,5,5,1,2,1,1,1,1,1,1,1,1,1,5,1,1,1,1,5,5,5,1
"v","southern",48,"f","20-29","r","bachelor","no","6-7","overhead","c,f,g",5,4,4,3,"daily",NA,"daily",NA,NA,NA,NA,NA,NA,NA,NA,NA,NA,NA,NA,NA,NA,4,4,4,5,5,4,4,5,5,5,4,5,4,5,5,5,4,4,4,4,1,5,2,1,1,1,1,2,1,2,1,5,1,1,1,3,4,3,1,1
"v","southern",49,"m","20-29","r","bachelor","no","6-7","desktop","b,c,d,k,l,m",5,2,4,5,NA,NA,NA,NA,NA,NA,NA,NA,NA,NA,NA,NA,NA,NA,NA,NA,NA,5,5,5,5,5,5,5,5,5,4,4,5,5,5,4,5,5,5,5,5,1,1,1,1,1,1,1,1,1,1,2,1,1,1,2,2,2,2,2,1
"v","southern",50,"m","20-29","r","bachelor","no","6-7","overhead","b,c,d,f,l",4,4,4,4,NA,NA,NA,NA,NA,NA,NA,NA,NA,NA,NA,NA,NA,NA,NA,NA,NA,5,2,1,5,5,4,1,4,5,5,5,2,4,5,5,5,1,5,5,5,1,5,1,2,1,1,4,5,1,1,1,3,2,1,1,1,5,1,2,1
"v","southern",51,"m","20-29","r","bachelor","no","7-8","overhead","m",3,4,4,4,NA,NA,NA,NA,NA,NA,NA,NA,NA,NA,NA,NA,NA,NA,NA,NA,NA,5,5,5,5,5,5,5,5,5,5,5,5,5,5,5,5,5,5,5,5,1,1,1,1,1,1,1,1,1,1,1,5,1,1,1,1,5,1,1,1
"v","southern",52,"f","20-29","r","bachelor","no","7-8","overhead","c,g,m",1,5,5,5,NA,NA,"daily",NA,NA,NA,NA,NA,NA,NA,NA,NA,NA,NA,NA,NA,NA,4,1,2,1,5,5,5,5,5,5,5,5,5,5,5,5,1,5,5,5,2,1,1,1,1,1,1,1,1,1,1,5,1,1,1,1,4,1,1,1
"v","southern",53,"f","20-29","r","bachelor","no","3-4","overhead","c",5,4,5,4,NA,NA,NA,NA,NA,NA,NA,NA,NA,NA,NA,NA,NA,NA,NA,NA,NA,5,4,5,4,5,4,5,5,5,5,5,4,4,4,4,5,5,5,5,4,2,1,1,1,2,1,2,1,2,1,2,2,2,1,2,1,1,2,2,1
"v","southern",54,"m","20-29","r","bachelor","no","6-7","overhead","a,b,c",5,5,4,5,NA,NA,NA,NA,NA,NA,NA,NA,NA,NA,NA,NA,NA,NA,NA,NA,NA,5,1,1,5,5,5,1,5,5,5,5,4,5,4,5,5,1,5,5,5,1,5,1,1,1,1,5,5,1,1,1,4,5,1,1,1,5,1,1,1
"v","southern",55,"f","20-29","r","bachelor","no","4-5","overhead","a",5,5,4,4,NA,NA,NA,NA,NA,NA,NA,NA,NA,NA,NA,NA,NA,NA,NA,NA,NA,5,1,1,5,5,5,1,5,5,5,5,5,5,5,5,5,1,5,5,5,1,5,5,1,1,1,5,5,1,1,1,5,1,1,1,1,5,5,5,1
"v","southern",56,"f","20-29","r","bachelor","no","4-5","desktop","m",3,3,3,4,NA,NA,NA,NA,NA,NA,NA,NA,NA,NA,NA,NA,NA,NA,NA,NA,NA,4,2,4,4,4,4,4,4,4,4,4,2,4,5,3,4,4,4,4,2,2,2,2,2,2,2,1,2,1,2,2,2,1,2,3,1,2,2,2,1
"v","southern",57,"f","20-29","r","bachelor","no","6-7","overhead","c,h,l",4,5,3,4,NA,NA,NA,NA,NA,NA,NA,NA,NA,NA,NA,NA,NA,NA,NA,NA,NA,5,2,5,5,5,4,1,5,5,5,5,5,5,5,4,5,5,5,5,5,1,1,1,1,1,1,1,1,1,1,1,5,1,1,1,1,1,1,1,2
"v","southern",58,"m","20-29","r","bachelor","yes","5-6","overhead","b,c,d,e,f,m",3,4,3,3,NA,NA,NA,NA,NA,NA,NA,NA,NA,NA,NA,NA,NA,NA,NA,NA,NA,4,2,1,5,5,4,5,5,5,5,4,2,4,4,4,5,2,5,5,4,2,4,1,2,1,2,2,1,1,2,1,2,2,2,2,1,3,1,3,1
"v","southern",59,"f","20-29","r","bachelor","no","3-4","none","l",5,5,5,4,NA,NA,NA,NA,NA,NA,NA,NA,NA,NA,NA,NA,NA,NA,NA,NA,NA,4,4,2,5,5,4,4,5,5,4,4,2,5,2,4,2,4,4,4,4,1,2,1,1,1,2,2,2,2,2,2,1,2,1,2,2,1,2,3,2
"v","southern",60,"m","20-29","r","bachelor","no","4-5","overhead","d",4,4,4,4,NA,NA,NA,NA,NA,NA,NA,NA,NA,NA,NA,NA,NA,NA,NA,NA,NA,2,2,4,2,2,4,2,2,4,2,1,2,4,2,4,1,2,2,1,4,4,2,3,2,4,4,4,4,5,2,2,1,4,4,4,2,5,2,4,2
"v","southern",61,"f","20-29","r","bachelor","no","7-8","overhead","a,e,f,g,h",3,5,5,4,NA,NA,NA,NA,NA,NA,NA,NA,NA,NA,NA,NA,NA,NA,NA,NA,NA,4,2,3,5,5,3,2,4,4,4,4,2,4,4,5,4,2,4,4,5,1,1,1,1,1,1,5,4,2,2,2,5,2,1,2,1,4,2,2,2
"v","southern",62,"m","20-29","r","bachelor","no","6-7","overhead","c",4,4,4,4,NA,NA,NA,NA,NA,NA,NA,NA,NA,NA,NA,NA,NA,NA,NA,NA,NA,5,2,5,5,5,5,5,5,5,5,3,3,4,4,5,4,5,5,4,4,3,2,2,3,2,2,2,2,2,2,1,2,2,2,2,1,2,2,1,1
"v","southern",63,"m","20-29","b","bachelor","no","5-6","overhead","c,e",1,3,1,1,"never",NA,"never","never",NA,NA,NA,NA,NA,NA,NA,NA,NA,NA,NA,NA,NA,5,5,5,5,5,5,5,5,5,5,5,5,5,5,5,5,5,5,5,5,1,1,1,1,1,1,1,1,1,1,1,1,1,1,1,1,5,1,1,1
"v","southern",64,"m","20-29","r","bachelor","no","5-6","overhead","a,b,k,l",4,4,4,4,NA,NA,NA,NA,NA,NA,NA,NA,NA,NA,NA,NA,NA,NA,NA,NA,NA,5,5,5,5,5,5,5,5,5,5,5,5,5,5,5,5,5,5,5,5,1,1,1,1,1,1,1,1,1,1,1,1,1,1,1,1,1,1,1,1
"v","southern",65,"f","20-29","r","bachelor","no","3-4","overhead","c,m",4,5,4,5,NA,NA,NA,NA,NA,NA,NA,NA,NA,NA,NA,NA,NA,NA,NA,NA,NA,5,5,5,5,5,5,5,5,4,5,5,5,4,4,5,5,2,5,5,5,1,1,1,1,2,4,2,2,2,2,1,4,1,1,2,2,2,1,2,2
"v","southern",66,"m","20-29","b","bachelor","no","5-6","overhead","a,b,c,d,e,i,j",5,5,5,5,NA,NA,NA,NA,NA,NA,NA,NA,NA,NA,NA,NA,NA,NA,NA,NA,NA,5,1,1,1,5,5,5,5,5,5,4,4,5,5,4,5,1,5,5,5,1,5,2,1,1,1,1,1,1,1,1,5,1,1,1,1,5,1,1,1
"v","southern",67,"m","20-29","r","bachelor","no","4-5","overhead","b,g,j,l",4,4,1,1,NA,NA,"never","never",NA,NA,NA,NA,NA,NA,NA,NA,NA,NA,NA,NA,NA,5,5,5,5,5,5,5,5,5,5,5,5,5,5,5,5,5,5,5,5,1,1,1,1,1,1,1,1,1,1,1,1,1,1,1,1,1,1,1,1
"v","southern",68,"m","20-29","r","bachelor","no","6-7","overhead","c",4,5,3,4,NA,NA,NA,NA,NA,NA,NA,NA,NA,NA,NA,NA,NA,NA,NA,NA,NA,4,1,1,1,5,5,1,1,5,4,5,1,5,4,4,5,1,1,2,2,1,5,1,1,1,2,5,5,1,2,2,5,5,5,2,1,5,4,4,1
"v","southern",69,"m","20-29","r","bachelor","no","6-7","overhead","g,h,k,m",2,4,5,4,"daily","daily","daily","daily",NA,NA,NA,NA,NA,NA,NA,NA,NA,NA,NA,NA,NA,5,1,5,5,5,5,5,5,4,5,5,2,1,5,5,5,5,5,2,5,5,5,5,1,1,2,5,5,5,5,4,4,5,4,2,2,5,1,1,1
"v","southern",70,"m","20-29","b","bachelor","yes","4-5","overhead","f",2,2,5,5,NA,NA,NA,NA,NA,NA,NA,NA,NA,NA,NA,NA,NA,NA,NA,NA,NA,5,1,1,5,5,5,1,1,5,5,4,1,5,5,5,1,1,5,5,5,1,5,5,1,1,1,5,5,1,1,2,5,2,2,4,1,5,1,1,1
"v","southern",71,"m","20-29","r","bachelor","no","7-8","overhead","b,c,e",4,5,3,4,NA,"daily",NA,NA,NA,NA,NA,NA,NA,NA,NA,NA,NA,NA,NA,NA,NA,5,5,5,5,5,5,5,5,5,5,5,5,5,5,5,5,5,5,5,5,1,1,1,1,1,1,1,1,1,1,1,1,1,1,1,1,1,1,1,1
"v","southern",72,"m","20-29","r","bachelor","no","less_than_3","none","c,f,g,k",5,5,2,5,"daily","daily",NA,NA,NA,NA,NA,NA,NA,NA,NA,NA,NA,NA,NA,NA,NA,2,1,1,2,2,3,2,2,1,2,1,1,1,1,2,1,2,1,2,2,4,5,5,5,5,5,5,5,5,5,5,5,5,5,5,5,5,5,5,5
"v","southern",73,"f","20-29","r","bachelor","no","6-7","overhead","a,b,c,d,e,f",5,4,4,3,"daily",NA,NA,NA,NA,NA,NA,NA,NA,NA,NA,NA,NA,NA,NA,NA,NA,5,1,4,4,5,4,2,2,1,1,1,2,2,1,2,4,5,3,5,5,2,1,1,2,1,5,5,5,5,5,5,4,4,5,4,2,3,4,5,3
"v","southern",74,"m","20-29","r","bachelor","no","6-7","overhead","b,c,d,f,g,i,m",4,2,5,2,NA,NA,"daily",NA,NA,NA,NA,NA,NA,NA,NA,NA,NA,NA,NA,NA,NA,5,1,5,4,5,5,5,5,5,5,5,5,4,4,5,5,5,4,4,5,4,2,2,2,1,4,4,1,1,1,1,1,2,1,2,1,1,1,1,1
"v","southern",75,"m","20-29","r","bachelor","no","4-5","overhead","f,g,h",5,5,4,5,NA,NA,NA,NA,NA,NA,NA,NA,NA,NA,NA,NA,NA,NA,NA,NA,NA,5,1,5,5,5,5,5,5,5,5,5,5,5,5,5,5,1,5,5,5,1,1,1,1,1,1,5,1,1,1,1,5,1,1,1,1,1,1,1,1
"v","southern",76,"f","20-29","r","bachelor","no","7-8","overhead","k",1,4,1,1,"never",NA,NA,NA,NA,NA,NA,NA,NA,NA,NA,NA,NA,NA,NA,NA,NA,5,1,5,5,5,5,5,5,5,5,4,2,5,5,5,5,1,5,4,5,1,5,4,1,1,1,1,1,1,1,1,4,1,1,1,1,5,5,1,1
"v","southern",77,"m","20-29","r","bachelor","no","6-7","desktop","f,g,j",5,4,4,5,NA,NA,NA,NA,NA,NA,NA,NA,NA,NA,NA,NA,NA,NA,NA,NA,NA,3,1,1,2,3,1,1,1,2,1,1,3,2,1,1,2,1,1,3,3,2,5,4,3,2,5,5,5,5,4,5,5,5,5,5,5,5,5,5,5
"v","southern",78,"f","20-29","r","bachelor","no","5-6","overhead","b,j,m",3,3,3,3,NA,NA,NA,NA,NA,NA,NA,NA,NA,NA,NA,NA,NA,NA,NA,NA,NA,4,5,5,5,4,5,5,5,5,5,5,3,5,5,5,4,5,4,4,4,1,1,1,1,1,1,1,1,1,1,1,1,1,1,1,2,5,2,2,2
"v","southern",79,"m","20-29","r","bachelor","no","7-8","desktop","c,h,i,k,l,m",5,3,4,4,NA,NA,NA,NA,NA,NA,NA,NA,NA,NA,NA,NA,NA,NA,NA,NA,NA,5,5,4,4,5,5,5,5,5,5,5,5,5,5,5,5,5,5,4,5,1,5,1,1,1,1,1,1,1,1,1,1,1,1,1,1,1,5,1,1
"v","southern",80,"m","20-29","b","bachelor","no","5-6","overhead","c,j",2,5,5,4,NA,NA,NA,NA,NA,NA,NA,NA,NA,NA,NA,NA,NA,NA,NA,NA,NA,5,5,2,4,4,5,4,4,3,5,3,3,3,4,1,4,1,3,2,1,3,4,4,2,2,4,5,4,5,4,1,1,2,1,1,3,4,3,3,3
"v","southern",81,"f","20-29","r","bachelor","no","more_than_8","overhead","c,e,g",4,4,3,3,NA,NA,NA,NA,NA,NA,NA,NA,NA,NA,NA,NA,NA,NA,NA,NA,NA,5,5,5,5,5,5,5,5,5,1,5,4,5,5,5,5,5,5,5,5,1,1,1,1,1,1,1,1,1,1,1,2,1,1,1,1,1,1,1,1
"v","southern",82,"f","20-29","r","bachelor","no","6-7","overhead","e,g",4,5,5,5,NA,NA,NA,NA,NA,NA,NA,NA,NA,NA,NA,NA,NA,NA,NA,NA,NA,5,5,5,5,5,5,5,5,5,5,5,4,5,5,5,5,5,5,1,5,1,1,1,1,1,1,1,1,1,1,1,1,1,1,1,1,5,5,4,1
"v","southern",83,"f","20-29","r","bachelor","no","5-6","desktop","c,d,e,g,h,j",4,4,4,5,NA,NA,NA,NA,NA,NA,NA,NA,NA,NA,NA,NA,NA,NA,NA,NA,NA,4,4,2,4,2,5,1,4,4,4,4,2,4,4,5,5,2,2,4,4,3,5,4,2,2,3,5,3,3,3,2,2,5,1,2,1,5,2,1,1
"v","southern",84,"f","20-29","r","bachelor","no","6-7","overhead","c,j,l",4,3,5,4,NA,NA,NA,NA,NA,NA,NA,NA,NA,NA,NA,NA,NA,NA,NA,NA,NA,5,1,1,2,2,5,4,5,5,5,5,3,5,5,5,5,1,5,5,5,4,1,1,1,2,1,5,5,1,1,2,5,1,1,1,1,5,1,5,1
"v","southern",85,"m","20-29","r","bachelor","no","6-7","overhead","c",1,1,1,1,NA,NA,"never",NA,NA,NA,NA,NA,NA,NA,NA,NA,NA,NA,NA,NA,NA,5,1,4,1,4,5,1,1,5,4,5,2,1,5,5,5,2,5,4,5,1,4,5,1,1,1,4,2,2,1,1,4,2,5,2,1,5,4,2,1
"v","southern",86,"m","20-29","r","bachelor","no","6-7","overhead","b,c,d,m",5,5,5,5,NA,NA,NA,NA,NA,NA,NA,NA,NA,NA,NA,NA,NA,NA,NA,NA,NA,5,1,1,1,5,5,1,5,5,5,5,1,5,5,5,5,1,1,5,5,1,5,1,1,1,1,1,1,1,1,1,5,1,5,1,1,5,1,1,1
"v","southern",87,"m","20-29","r","bachelor","no","6-7","overhead","b,c,d,f,l,m",4,5,4,5,NA,NA,NA,NA,NA,NA,NA,NA,NA,NA,NA,NA,NA,NA,NA,NA,NA,2,1,1,1,1,5,1,5,5,5,5,1,5,5,5,5,1,1,5,5,1,5,5,5,1,1,5,5,1,1,1,5,5,5,1,1,5,1,1,1
"a","southern",1,"m","20-29","l","bachelor","No","6-7","overhead light","b,c,d,f,m",5,2,4,5,NA,"daily",NA,NA,NA,NA,NA,NA,NA,NA,NA,NA,NA,NA,NA,NA,NA,4,1,1,5,4,5,1,5,5,5,5,4,5,5,5,5,2,4,5,4,2,5,5,2,2,1,5,1,1,1,1,4,4,1,1,1,1,1,2,1
"a","southern",2,"f","20-29","r","high_school","No","7-8","overhead light","a,b,c,d,e,f,g,h,i,j,k,l,m",3,5,3,3,"never",NA,"never","never",NA,NA,NA,NA,NA,NA,NA,NA,NA,NA,NA,NA,NA,4,5,5,5,4,5,5,5,5,5,5,2,5,5,5,5,4,4,5,5,2,1,1,1,1,1,1,1,5,5,2,2,2,2,5,2,2,2,5,1
"a","southern",3,"m","20-29","r","bachelor","No","7-8","desktop light","f,g,h,i,j",3,4,3,3,NA,NA,NA,NA,NA,NA,NA,NA,NA,NA,NA,NA,NA,NA,NA,NA,NA,2,5,5,5,4,5,5,5,5,5,5,1,5,5,5,5,5,5,4,5,1,1,1,1,1,1,1,1,1,1,1,1,1,1,1,1,1,1,1,1
"a","southern",4,"m","20-29","r","bachelor","No","7-8","overhead light","c,j,m",4,5,3,5,NA,"daily",NA,NA,NA,NA,NA,NA,NA,NA,NA,NA,NA,NA,NA,NA,NA,5,5,5,5,5,5,5,5,5,5,5,4,5,5,4,5,5,5,5,5,1,1,1,1,1,1,1,1,1,1,1,1,1,1,1,1,1,1,1,1
"a","southern",5,"m","20-29","r","bachelor","No","6-7","overhead light","a,b,c,f,i,l,m",4,5,4,4,NA,NA,NA,NA,NA,NA,NA,NA,NA,NA,NA,NA,NA,NA,NA,NA,NA,5,2,5,2,4,5,5,5,4,5,5,4,4,4,5,4,1,5,4,4,1,1,1,2,1,1,1,1,1,1,1,2,1,1,1,2,5,2,1,1
"a","southern",6,"m","30-39","r","master","No","7-8","both","c,g",1,1,1,4,"never","never","never",NA,NA,NA,NA,NA,NA,NA,NA,NA,NA,NA,NA,NA,NA,4,4,4,4,4,5,4,4,4,2,4,3,4,4,4,4,2,5,4,4,1,2,2,2,2,1,2,2,1,1,4,2,2,4,2,1,5,5,2,2
"a","southern",7,"f","20-29","r","bachelor","No","5-6","overhead light","b,c,d,f,g,k,m",1,3,1,1,"never",NA,NA,NA,NA,NA,NA,NA,NA,NA,NA,NA,NA,NA,NA,NA,NA,5,1,5,5,5,5,5,5,5,5,5,5,4,5,5,5,5,5,5,5,2,1,1,1,1,1,1,1,1,1,2,1,1,1,1,3,3,3,1,3
"a","southern",8,"m","30-39","r","bachelor","Yes","6-7","overhead light","b,c,d,f,m",3,5,4,5,NA,"daily",NA,NA,NA,NA,NA,NA,NA,NA,NA,NA,NA,NA,NA,NA,NA,5,4,1,5,5,5,4,5,5,5,5,5,5,5,5,5,1,5,5,5,1,5,1,1,1,1,4,1,1,1,1,4,1,1,1,1,5,1,1,1
"a","southern",9,"m",NA,"r","high_school","No","7-8","desktop light","c,f,g,l",4,5,1,3,NA,NA,"never",NA,NA,NA,NA,NA,NA,NA,NA,NA,NA,NA,NA,NA,NA,4,1,5,4,4,5,3,5,5,5,3,4,4,4,5,5,5,4,4,4,1,5,1,1,1,1,1,1,1,3,1,1,5,1,1,1,5,2,3,1
"a","southern",10,"m","20-29","r","bachelor","No","7-8","desktop light","c,j,l",1,4,4,3,"never","daily",NA,NA,NA,NA,NA,NA,NA,NA,NA,NA,NA,NA,NA,NA,NA,5,5,5,5,5,5,5,5,5,5,5,5,5,5,5,5,5,5,5,5,1,1,1,1,1,5,5,5,5,5,5,1,1,1,1,1,1,1,1,1
"a","southern",11,"f","40-49","b","master","No","4-5","overhead light","c,l,m",2,2,2,2,"daily","daily","daily","daily",NA,NA,NA,NA,NA,NA,NA,NA,NA,NA,NA,NA,NA,5,1,5,5,5,5,5,5,5,5,5,5,5,5,5,5,5,5,5,5,1,1,1,1,1,1,1,1,1,1,1,1,1,1,1,1,1,1,1,1
"a","southern",12,"f","20-29","r","bachelor","No","7-8","overhead light","b,c,d,f,m",1,1,1,1,"never","never","never","never",NA,NA,NA,NA,NA,NA,NA,NA,NA,NA,NA,NA,NA,5,1,2,2,4,4,1,5,5,5,5,3,5,5,5,5,2,5,4,5,1,5,1,1,1,1,1,1,1,1,1,1,1,1,1,1,5,4,1,1
"a","southern",13,"f","20-29","l","bachelor","No","7-8","desktop light","c,e,g,l,m",3,3,1,1,NA,NA,NA,"never",NA,NA,NA,NA,NA,NA,NA,NA,NA,NA,NA,NA,NA,5,1,1,5,5,5,1,5,5,5,5,5,5,5,5,5,1,5,5,5,1,5,1,1,1,1,1,5,1,1,1,5,1,1,1,1,5,5,1,1
"a","southern",14,"f","20-29","r","master","No","4-5","overhead light","c",1,3,1,1,NA,"never",NA,"never",NA,NA,NA,NA,NA,NA,NA,NA,NA,NA,NA,NA,NA,5,1,1,5,5,5,5,5,5,5,5,3,4,5,5,5,2,4,5,5,1,1,1,1,1,1,1,1,1,1,1,3,1,1,1,1,1,2,1,1
"a","southern",15,"m","30-39","l","bachelor","No","7-8","overhead light","m",4,3,5,3,NA,NA,NA,NA,NA,NA,NA,NA,NA,NA,NA,NA,NA,NA,NA,NA,NA,5,4,4,4,4,4,4,4,4,4,4,2,4,4,4,4,4,4,5,4,2,1,2,2,2,2,2,2,2,4,2,2,1,2,4,2,2,4,1,1
"a","southern",16,"f","30-39","r","master","No","7-8","both","a,b,c,d,e,f,g,h,i,j,k,l,m",1,1,1,1,"daily","daily",NA,"daily",NA,NA,NA,NA,NA,NA,NA,NA,NA,NA,NA,NA,NA,5,1,1,1,2,5,1,1,1,1,2,1,1,1,1,1,1,1,2,3,1,5,5,5,5,5,1,5,5,5,5,5,4,5,4,3,5,5,5,2
"a","southern",17,"m","40-49","r","master","No","5-6","overhead light","b,c,d,f,g",4,3,5,4,NA,NA,NA,NA,NA,NA,NA,NA,NA,NA,NA,NA,NA,NA,NA,NA,NA,4,2,2,1,4,5,1,4,5,5,4,2,4,4,4,4,2,5,4,5,1,5,5,1,1,1,5,5,4,2,1,4,3,2,2,2,5,5,4,3
"a","southern",18,"f","40-49","r","master","No","7-8","overhead light","b,c,d",1,3,3,4,NA,NA,NA,NA,NA,NA,NA,NA,NA,NA,NA,NA,NA,NA,NA,NA,NA,4,1,1,4,5,4,2,4,4,4,4,3,4,4,4,5,4,4,4,4,2,5,1,1,1,1,1,1,1,1,3,2,2,1,3,2,1,2,2,2
"a","southern",19,"m","60-69","l","master","No","6-7","overhead light","c,g",2,5,2,2,"daily",NA,"daily",NA,NA,NA,NA,NA,NA,NA,NA,NA,NA,NA,NA,NA,NA,4,1,1,1,5,5,5,5,5,5,5,4,5,5,5,5,1,5,5,5,1,1,1,1,1,1,1,1,1,1,1,1,1,1,1,1,1,1,5,1
"a","southern",20,"m","30-39","r","bachelor","No","6-7","overhead light","m",4,2,2,2,NA,NA,NA,"daily",NA,NA,NA,NA,NA,NA,NA,NA,NA,NA,NA,NA,NA,5,5,5,5,5,5,5,5,5,5,5,1,5,5,5,5,5,5,5,5,1,1,1,1,1,1,1,1,1,1,1,1,1,1,1,1,5,1,1,1
"a","southern",21,"f","40-49","r","master","No","5-6","both","h,i",2,2,2,2,NA,NA,"daily","daily",NA,NA,NA,NA,NA,NA,NA,NA,NA,NA,NA,NA,NA,5,1,1,3,5,1,1,5,4,5,5,1,5,5,5,5,1,1,3,5,1,5,5,1,1,1,5,5,5,4,1,3,1,1,1,1,5,5,4,1
"a","southern",22,"m","20-29","r","bachelor","No","7-8","overhead light","c,d",4,4,5,5,NA,NA,NA,NA,NA,NA,NA,NA,NA,NA,NA,NA,NA,NA,NA,NA,NA,5,1,5,5,5,5,5,5,5,5,5,4,5,5,5,5,5,5,5,5,1,1,1,1,1,1,1,1,1,1,1,2,1,1,1,1,5,5,2,2
"a","southern",23,"m","20-29","r","master","No","7-8","both","b,c,d,e",2,2,5,2,"daily",NA,NA,NA,NA,NA,NA,NA,NA,NA,NA,NA,NA,NA,NA,NA,NA,5,1,5,5,5,5,5,5,5,5,5,4,5,4,5,5,5,5,5,5,2,1,1,1,1,1,1,1,1,2,1,2,1,1,1,1,5,5,2,1
"a","southern",24,"m","40-49","r","bachelor","No","more_than_8","desktop light","h,m",5,2,2,5,"daily","daily","daily","daily",NA,NA,NA,NA,NA,NA,NA,NA,NA,NA,NA,NA,NA,5,5,5,5,5,5,5,5,5,5,5,5,5,5,5,5,5,5,5,5,1,1,1,1,1,1,1,1,1,1,1,1,1,1,1,1,1,1,1,1
"a","southern",25,"m","60-69","b","master","No","7-8","desktop light","g",5,2,5,5,NA,"daily",NA,NA,NA,NA,NA,NA,NA,NA,NA,NA,NA,NA,NA,NA,NA,5,3,2,5,5,5,5,5,5,5,5,3,5,5,5,5,5,5,5,5,1,1,1,1,1,1,1,1,1,1,1,1,1,1,1,1,5,1,2,1
"a","southern",26,"f","20-29","r","master","No","7-8","both","c,l,m",4,4,1,3,NA,"daily",NA,NA,NA,NA,NA,NA,NA,NA,NA,NA,NA,NA,NA,NA,NA,4,3,5,4,4,5,5,5,5,5,5,5,5,5,5,4,3,5,5,4,1,1,1,1,1,1,1,1,1,1,2,2,2,2,2,1,5,5,2,1
"a","southern",27,"m","30-39","r","master","No","more_than_8","overhead light","c",1,3,1,1,NA,NA,NA,NA,NA,NA,NA,NA,NA,NA,NA,NA,NA,NA,NA,NA,NA,5,2,2,5,4,5,5,5,5,5,5,4,5,5,4,4,2,5,5,5,1,1,1,1,1,1,1,1,1,2,1,4,1,1,1,2,3,5,2,1
"a","southern",28,"m","30-39","l","master","Yes","4-5","both","c",2,2,2,2,NA,"daily","daily","daily",NA,NA,NA,NA,NA,NA,NA,NA,NA,NA,NA,NA,NA,5,5,5,5,5,5,5,5,5,5,5,4,5,5,5,5,5,5,4,5,1,1,1,1,1,1,1,1,1,1,1,2,1,1,1,1,5,4,2,1
"a","southern",29,"f","40-49","r","master","No","7-8","desktop light","a,c,e",1,2,3,3,NA,"daily","daily",NA,NA,NA,NA,NA,NA,NA,NA,NA,NA,NA,NA,NA,NA,5,1,5,5,5,5,5,5,5,5,5,1,5,5,5,5,5,5,5,5,1,1,1,1,1,1,1,1,1,1,1,1,1,1,1,1,5,1,1,1
"a","southern",30,"f","40-49","r","master","No","more_than_8","overhead light","b,c,d,f,m",5,3,1,1,"daily","daily",NA,NA,NA,NA,NA,NA,NA,NA,NA,NA,NA,NA,NA,NA,NA,5,1,5,5,5,5,5,5,5,5,5,5,5,5,5,5,5,5,5,5,1,1,1,1,1,1,1,1,1,1,1,5,1,1,1,1,1,1,1,1
"a","southern",31,"m","50-59","r","master","No","7-8","overhead light","g,h,k,l,m",4,2,5,5,NA,NA,NA,NA,NA,NA,NA,NA,NA,NA,NA,NA,NA,NA,NA,NA,NA,5,2,5,5,5,4,5,5,5,5,5,4,5,5,5,5,5,5,5,5,2,1,4,1,1,1,1,1,1,1,1,2,1,1,1,1,5,2,2,2
"a","southern",32,"m","20-29","r","bachelor","No","7-8","overhead light","c,h,m",1,3,3,1,NA,NA,NA,"never",NA,NA,NA,NA,NA,NA,NA,NA,NA,NA,NA,NA,NA,4,1,1,1,4,5,2,4,5,5,5,4,5,5,5,5,1,1,4,5,1,4,1,1,1,1,5,1,1,1,1,2,1,1,1,1,5,4,3,1
"a","southern",33,"m","20-29","r","bachelor","No","6-7","none","b,g",3,4,3,3,NA,NA,NA,NA,NA,NA,NA,NA,NA,NA,NA,NA,NA,NA,NA,NA,NA,5,1,2,2,4,5,5,5,4,5,5,5,5,4,5,4,5,4,2,4,2,5,1,1,1,1,4,1,1,1,2,4,1,1,2,2,5,1,1,1
"a","southern",34,"m","20-29","r","high_school","No","7-8","overhead light","c,f",4,4,4,3,NA,NA,NA,NA,NA,NA,NA,NA,NA,NA,NA,NA,NA,NA,NA,NA,NA,5,2,5,5,5,5,4,4,5,5,5,4,4,5,3,4,4,5,4,5,2,1,1,1,1,1,1,1,1,1,1,4,1,2,1,1,5,2,2,1
"a","southern",35,"m","20-29","l","bachelor","No","5-6","desktop light","b,c,f,m",1,3,1,1,NA,NA,NA,NA,NA,NA,NA,NA,NA,NA,NA,NA,NA,NA,NA,NA,NA,5,1,5,5,5,5,5,5,5,5,5,5,5,5,5,5,5,5,5,5,1,1,1,1,1,1,1,1,1,1,1,5,1,1,1,1,1,5,1,1
"a","southern",36,"m","20-29","r","bachelor","No","7-8","desktop light","c",3,5,4,4,NA,NA,NA,NA,NA,NA,NA,NA,NA,NA,NA,NA,NA,NA,NA,NA,NA,5,5,5,5,5,5,5,5,5,5,5,2,5,5,5,4,4,5,5,4,2,4,5,1,1,1,5,4,2,1,1,1,1,2,1,1,5,5,2,1
"a","southern",37,"m","10-19","r","bachelor","No","5-6","overhead light","b,c,d,h,j",3,5,4,4,NA,NA,NA,NA,NA,NA,NA,NA,NA,NA,NA,NA,NA,NA,NA,NA,NA,4,5,4,5,4,5,5,4,5,5,4,3,4,4,4,4,5,4,4,4,2,1,3,2,2,2,2,1,1,1,3,2,2,2,3,2,2,2,2,2
"a","southern",38,"m","20-29","r","bachelor","No","7-8","overhead light","a",3,4,4,4,NA,"daily",NA,NA,NA,NA,NA,NA,NA,NA,NA,NA,NA,NA,NA,NA,NA,4,5,5,5,3,5,5,5,5,5,5,5,4,5,5,5,5,5,4,4,1,1,1,1,1,1,1,1,1,1,1,1,1,1,1,1,4,1,1,2
"a","southern",39,"m","10-19","r","high_school","No","7-8","overhead light","b,c,d,f",3,3,1,1,"never",NA,"never","never",NA,NA,NA,NA,NA,NA,NA,NA,NA,NA,NA,NA,NA,5,5,5,5,5,5,5,5,5,5,5,4,5,5,5,5,5,5,5,4,1,1,1,1,5,1,1,1,1,1,1,1,1,1,1,1,5,5,1,2
"a","southern",40,"m","50-59","r","bachelor","No","7-8","desktop light","c,g",3,4,3,3,NA,NA,NA,NA,NA,NA,NA,NA,NA,NA,NA,NA,NA,NA,NA,NA,NA,5,1,4,5,5,5,2,1,5,2,4,1,5,5,5,5,5,5,5,5,1,1,1,1,1,1,1,1,1,1,2,3,1,5,1,1,5,1,1,1
"a","southern",41,"m","20-29","r","bachelor","No","4-5","desktop light","b,c,d,f,m",1,3,1,3,"never","never","never","never",NA,NA,NA,NA,NA,NA,NA,NA,NA,NA,NA,NA,NA,5,2,2,2,5,5,5,4,4,4,4,1,4,4,4,5,2,5,5,5,1,1,5,1,1,2,4,4,4,4,4,5,1,1,4,1,5,2,2,4
